"snapshot","state","tracked","area","path","proposed_disposition","rationale"
"2026-08-10T13:00:02+10:00"," M","True",".github",".github/dependabot.yml","preserve_review_required","Tracked user or historical change; inspect diff and commit by bounded owner slice."
"2026-08-10T13:00:02+10:00"," M","True",".github",".github/workflows/ci.yml","preserve_review_required","Tracked user or historical change; inspect diff and commit by bounded owner slice."
"2026-08-10T13:00:02+10:00"," M","True",".github",".github/workflows/ci_prometheus.yml","preserve_review_required","Tracked user or historical change; inspect diff and commit by bounded owner slice."
"2026-08-10T13:00:02+10:00"," M","True",".github",".github/workflows/ci_smoke.yml","preserve_review_required","Tracked user or historical change; inspect diff and commit by bounded owner slice."
"2026-08-10T13:00:02+10:00"," M","True",".github",".github/workflows/clean-checkout-smoke.yml","preserve_review_required","Tracked user or historical change; inspect diff and commit by bounded owner slice."
"2026-08-10T13:00:02+10:00"," M","True",".github",".github/workflows/integration-tests.yml","preserve_review_required","Tracked user or historical change; inspect diff and commit by bounded owner slice."
"2026-08-10T13:00:02+10:00"," M","True",".github",".github/workflows/playwright-smoke.yml","preserve_review_required","Tracked user or historical change; inspect diff and commit by bounded owner slice."
"2026-08-10T13:00:02+10:00"," M","True",".github",".github/workflows/playwright-tests.yml","preserve_review_required","Tracked user or historical change; inspect diff and commit by bounded owner slice."
"2026-08-10T13:00:02+10:00"," M","True",".github",".github/workflows/playwright-ui-smoke.yml","preserve_review_required","Tracked user or historical change; inspect diff and commit by bounded owner slice."
"2026-08-10T13:00:02+10:00"," M","True",".github",".github/workflows/ruff-changed.yml","preserve_review_required","Tracked user or historical change; inspect diff and commit by bounded owner slice."
"2026-08-10T13:00:02+10:00"," M","True",".github",".github/workflows/security-tests.yml","preserve_review_required","Tracked user or historical change; inspect diff and commit by bounded owner slice."
"2026-08-10T13:00:02+10:00"," M","True",".github",".github/workflows/security_scans.yml","preserve_review_required","Tracked user or historical change; inspect diff and commit by bounded owner slice."
"2026-08-10T13:00:02+10:00"," M","True",".github",".github/workflows/service-tests-sharded.yml","preserve_review_required","Tracked user or historical change; inspect diff and commit by bounded owner slice."
"2026-08-10T13:00:02+10:00"," M","True",".github",".github/workflows/trivy.yml","preserve_review_required","Tracked user or historical change; inspect diff and commit by bounded owner slice."
"2026-08-10T13:00:02+10:00"," M","True",".github",".github/workflows/v2-gates.yml","preserve_review_required","Tracked user or historical change; inspect diff and commit by bounded owner slice."
"2026-08-10T13:00:02+10:00"," M","True","config","config/feature_flags.json","preserve_review_required","Tracked user or historical change; inspect diff and commit by bounded owner slice."
"2026-08-10T13:00:02+10:00"," M","True","config","config/observability/alerts.yml","preserve_review_required","Tracked user or historical change; inspect diff and commit by bounded owner slice."
"2026-08-10T13:00:02+10:00"," M","True","config","config/product_capability_sources.json","preserve_review_required","Tracked user or historical change; inspect diff and commit by bounded owner slice."
"2026-08-10T13:00:02+10:00"," M","True","config","config/security/cv_playbooks.json","preserve_review_required","Tracked user or historical change; inspect diff and commit by bounded owner slice."
"2026-08-10T13:00:02+10:00"," M","True","config","config/security/taxonomy/risk_correlation_policy.json","preserve_review_required","Tracked user or historical change; inspect diff and commit by bounded owner slice."
"2026-08-10T13:00:02+10:00"," M","True","docs","docs/WORKTREE_OWNERSHIP_MANIFEST_2026-08-05.csv","preserve_review_required","Tracked user or historical change; inspect diff and commit by bounded owner slice."
"2026-08-10T13:00:02+10:00"," M","True","frontend","frontend/e2e/fit-deadline-trace.spec.ts","preserve_review_required","Tracked user or historical change; inspect diff and commit by bounded owner slice."
"2026-08-10T13:00:02+10:00"," M","True","frontend","frontend/e2e/market-adaptation.spec.ts","preserve_review_required","Tracked user or historical change; inspect diff and commit by bounded owner slice."
"2026-08-10T13:00:02+10:00"," M","True","frontend","frontend/e2e/qualified-commercial-journey.spec.ts","preserve_review_required","Tracked user or historical change; inspect diff and commit by bounded owner slice."
"2026-08-10T13:00:02+10:00"," M","True","frontend","frontend/e2e/semantic-resolution-journey.spec.ts","preserve_review_required","Tracked user or historical change; inspect diff and commit by bounded owner slice."
"2026-08-10T13:00:02+10:00"," M","True","frontend","frontend/src/components/DecisionTrace.tsx","preserve_review_required","Tracked user or historical change; inspect diff and commit by bounded owner slice."
"2026-08-10T13:00:02+10:00"," M","True","frontend","frontend/src/components/ImageRecommendPanel.tsx","preserve_review_required","Tracked user or historical change; inspect diff and commit by bounded owner slice."
"2026-08-10T13:00:02+10:00"," M","True","frontend","frontend/src/components/ProductWhyEvidence.tsx","preserve_review_required","Tracked user or historical change; inspect diff and commit by bounded owner slice."
"2026-08-10T13:00:02+10:00"," M","True","frontend","frontend/src/components/SplitFulfillmentCard.tsx","preserve_review_required","Tracked user or historical change; inspect diff and commit by bounded owner slice."
"2026-08-10T13:00:02+10:00"," M","True","frontend","frontend/src/components/__tests__/ProductWhyEvidence.test.tsx","preserve_review_required","Tracked user or historical change; inspect diff and commit by bounded owner slice."
"2026-08-10T13:00:02+10:00"," M","True","frontend","frontend/src/components/__tests__/SplitFulfillmentCard.test.tsx","preserve_review_required","Tracked user or historical change; inspect diff and commit by bounded owner slice."
"2026-08-10T13:00:02+10:00"," M","True","frontend","frontend/vite.config.ts","preserve_review_required","Tracked user or historical change; inspect diff and commit by bounded owner slice."
"2026-08-10T13:00:02+10:00"," M","True","scripts","scripts/latency_attribution.py","preserve_review_required","Tracked user or historical change; inspect diff and commit by bounded owner slice."
"2026-08-10T13:00:02+10:00"," M","True","scripts","scripts/run_syslog_listener.py","preserve_review_required","Tracked user or historical change; inspect diff and commit by bounded owner slice."
"2026-08-10T13:00:02+10:00"," M","True","scripts","scripts/seal_relevance_labels.py","preserve_review_required","Tracked user or historical change; inspect diff and commit by bounded owner slice."
"2026-08-10T13:00:02+10:00"," M","True","scripts","scripts/seed_gaming_laptops.py","preserve_review_required","Tracked user or historical change; inspect diff and commit by bounded owner slice."
"2026-08-10T13:00:02+10:00"," M","True","scripts","scripts/tool_bridge.py","preserve_review_required","Tracked user or historical change; inspect diff and commit by bounded owner slice."
"2026-08-10T13:00:02+10:00"," M","True","src","src/app/adapters/official_requirements_httpx.py","preserve_review_required","Tracked user or historical change; inspect diff and commit by bounded owner slice."
"2026-08-10T13:00:02+10:00"," M","True","src","src/app/config.py","preserve_review_required","Tracked user or historical change; inspect diff and commit by bounded owner slice."
"2026-08-10T13:00:02+10:00"," M","True","src","src/app/contracts/suggest_contract.py","preserve_review_required","Tracked user or historical change; inspect diff and commit by bounded owner slice."
"2026-08-10T13:00:02+10:00"," M","True","src","src/app/main.py","preserve_review_required","Tracked user or historical change; inspect diff and commit by bounded owner slice."
"2026-08-10T13:00:02+10:00"," M","True","src","src/app/observability/metrics.py","preserve_review_required","Tracked user or historical change; inspect diff and commit by bounded owner slice."
"2026-08-10T13:00:02+10:00"," M","True","src","src/app/routers/auth.py","preserve_review_required","Tracked user or historical change; inspect diff and commit by bounded owner slice."
"2026-08-10T13:00:02+10:00"," M","True","src","src/app/routers/cart.py","preserve_review_required","Tracked user or historical change; inspect diff and commit by bounded owner slice."
"2026-08-10T13:00:02+10:00"," M","True","src","src/app/routers/cart_mutations.py","preserve_review_required","Tracked user or historical change; inspect diff and commit by bounded owner slice."
"2026-08-10T13:00:02+10:00"," M","True","src","src/app/routers/fulfillment_cases.py","preserve_review_required","Tracked user or historical change; inspect diff and commit by bounded owner slice."
"2026-08-10T13:00:02+10:00"," M","True","src","src/app/routers/payments.py","preserve_review_required","Tracked user or historical change; inspect diff and commit by bounded owner slice."
"2026-08-10T13:00:02+10:00"," M","True","src","src/app/routers/security_integrations.py","preserve_review_required","Tracked user or historical change; inspect diff and commit by bounded owner slice."
"2026-08-10T13:00:02+10:00"," M","True","src","src/app/security/dread_scorer.py","preserve_review_required","Tracked user or historical change; inspect diff and commit by bounded owner slice."
"2026-08-10T13:00:02+10:00"," M","True","src","src/app/security/email_forensics_snapshots.py","preserve_review_required","Tracked user or historical change; inspect diff and commit by bounded owner slice."
"2026-08-10T13:00:02+10:00"," M","True","src","src/app/security/email_sender_trust.py","preserve_review_required","Tracked user or historical change; inspect diff and commit by bounded owner slice."
"2026-08-10T13:00:02+10:00"," M","True","src","src/app/security/framework_correlation.py","preserve_review_required","Tracked user or historical change; inspect diff and commit by bounded owner slice."
"2026-08-10T13:00:02+10:00"," M","True","src","src/app/security/idempotency.py","preserve_review_required","Tracked user or historical change; inspect diff and commit by bounded owner slice."
"2026-08-10T13:00:02+10:00"," M","True","src","src/app/security/maestro_boundaries.py","preserve_review_required","Tracked user or historical change; inspect diff and commit by bounded owner slice."
"2026-08-10T13:00:02+10:00"," M","True","src","src/app/security/observer.py","preserve_review_required","Tracked user or historical change; inspect diff and commit by bounded owner slice."
"2026-08-10T13:00:02+10:00"," M","True","src","src/app/security/security_event_ingest.py","preserve_review_required","Tracked user or historical change; inspect diff and commit by bounded owner slice."
"2026-08-10T13:00:02+10:00"," M","True","src","src/app/security/supplier_baseline.py","preserve_review_required","Tracked user or historical change; inspect diff and commit by bounded owner slice."
"2026-08-10T13:00:02+10:00"," M","True","src","src/app/security/telemetry_emit.py","preserve_review_required","Tracked user or historical change; inspect diff and commit by bounded owner slice."
"2026-08-10T13:00:02+10:00"," M","True","src","src/app/security/thread_conversation_graph.py","preserve_review_required","Tracked user or historical change; inspect diff and commit by bounded owner slice."
"2026-08-10T13:00:02+10:00"," M","True","src","src/app/security/threshold_tuning.py","preserve_review_required","Tracked user or historical change; inspect diff and commit by bounded owner slice."
"2026-08-10T13:00:02+10:00"," M","True","src","src/app/services/audit_chain.py","preserve_review_required","Tracked user or historical change; inspect diff and commit by bounded owner slice."
"2026-08-10T13:00:02+10:00"," M","True","src","src/app/services/cart_mutation_service.py","preserve_review_required","Tracked user or historical change; inspect diff and commit by bounded owner slice."
"2026-08-10T13:00:02+10:00"," M","True","src","src/app/services/connectors/product_capability_evidence.py","preserve_review_required","Tracked user or historical change; inspect diff and commit by bounded owner slice."
"2026-08-10T13:00:02+10:00"," M","True","src","src/app/services/cv_ocr.py","preserve_review_required","Tracked user or historical change; inspect diff and commit by bounded owner slice."
"2026-08-10T13:00:02+10:00"," M","True","src","src/app/services/cv_vision_ollama.py","preserve_review_required","Tracked user or historical change; inspect diff and commit by bounded owner slice."
"2026-08-10T13:00:02+10:00"," M","True","src","src/app/services/demand_allocation.py","preserve_review_required","Tracked user or historical change; inspect diff and commit by bounded owner slice."
"2026-08-10T13:00:02+10:00"," M","True","src","src/app/services/evidence_orchestrator.py","preserve_review_required","Tracked user or historical change; inspect diff and commit by bounded owner slice."
"2026-08-10T13:00:02+10:00"," M","True","src","src/app/services/external_evidence_claims.py","preserve_review_required","Tracked user or historical change; inspect diff and commit by bounded owner slice."
"2026-08-10T13:00:02+10:00"," M","True","src","src/app/services/geoip.py","preserve_review_required","Tracked user or historical change; inspect diff and commit by bounded owner slice."
"2026-08-10T13:00:02+10:00"," M","True","src","src/app/services/image_downscale.py","preserve_review_required","Tracked user or historical change; inspect diff and commit by bounded owner slice."
"2026-08-10T13:00:02+10:00"," M","True","src","src/app/services/procurement_payment_consequences.py","preserve_review_required","Tracked user or historical change; inspect diff and commit by bounded owner slice."
"2026-08-10T13:00:02+10:00"," M","True","src","src/app/services/query_decomposer.py","preserve_review_required","Tracked user or historical change; inspect diff and commit by bounded owner slice."
"2026-08-10T13:00:02+10:00"," M","True","src","src/app/services/recommend_fulfillment_stage.py","preserve_review_required","Tracked user or historical change; inspect diff and commit by bounded owner slice."
"2026-08-10T13:00:02+10:00"," M","True","src","src/app/services/recommendation_core/cart_compound_response.py","preserve_review_required","Tracked user or historical change; inspect diff and commit by bounded owner slice."
"2026-08-10T13:00:02+10:00"," M","True","src","src/app/services/recommendation_core/cart_resolver.py","preserve_review_required","Tracked user or historical change; inspect diff and commit by bounded owner slice."
"2026-08-10T13:00:02+10:00"," M","True","src","src/app/services/recommendation_core/core.py","preserve_review_required","Tracked user or historical change; inspect diff and commit by bounded owner slice."
"2026-08-10T13:00:02+10:00"," M","True","src","src/app/services/recommendation_core/fit.py","preserve_review_required","Tracked user or historical change; inspect diff and commit by bounded owner slice."
"2026-08-10T13:00:02+10:00"," M","True","src","src/app/services/recommendation_core/gates.py","preserve_review_required","Tracked user or historical change; inspect diff and commit by bounded owner slice."
"2026-08-10T13:00:02+10:00"," M","True","src","src/app/services/recommendation_core/legacy_adapter.py","preserve_review_required","Tracked user or historical change; inspect diff and commit by bounded owner slice."
"2026-08-10T13:00:02+10:00"," M","True","src","src/app/services/recommendation_core/product_fit_explanation.py","preserve_review_required","Tracked user or historical change; inspect diff and commit by bounded owner slice."
"2026-08-10T13:00:02+10:00"," M","True","src","src/app/services/recommendation_core/requirement_compiler.py","preserve_review_required","Tracked user or historical change; inspect diff and commit by bounded owner slice."
"2026-08-10T13:00:02+10:00"," M","True","src","src/app/services/recommendation_core/turn_router.py","preserve_review_required","Tracked user or historical change; inspect diff and commit by bounded owner slice."
"2026-08-10T13:00:02+10:00"," M","True","src","src/app/services/recommendation_facade.py","preserve_review_required","Tracked user or historical change; inspect diff and commit by bounded owner slice."
"2026-08-10T13:00:02+10:00"," M","True","src","src/app/services/recommendation_postflight.py","preserve_review_required","Tracked user or historical change; inspect diff and commit by bounded owner slice."
"2026-08-10T13:00:02+10:00"," M","True","src","src/app/services/recommendation_response_finalizer.py","preserve_review_required","Tracked user or historical change; inspect diff and commit by bounded owner slice."
"2026-08-10T13:00:02+10:00"," M","True","src","src/app/services/registry.py","preserve_review_required","Tracked user or historical change; inspect diff and commit by bounded owner slice."
"2026-08-10T13:00:02+10:00"," M","True","src","src/app/services/relevance_label_seal.py","preserve_review_required","Tracked user or historical change; inspect diff and commit by bounded owner slice."
"2026-08-10T13:00:02+10:00"," M","True","src","src/app/services/research_provider_registry.py","preserve_review_required","Tracked user or historical change; inspect diff and commit by bounded owner slice."
"2026-08-10T13:00:02+10:00"," M","True","src","src/app/services/returns.py","preserve_review_required","Tracked user or historical change; inspect diff and commit by bounded owner slice."
"2026-08-10T13:00:02+10:00"," M","True","src","src/app/services/semantic_cache.py","preserve_review_required","Tracked user or historical change; inspect diff and commit by bounded owner slice."
"2026-08-10T13:00:02+10:00"," M","True","src","src/app/services/shadow_actions.py","preserve_review_required","Tracked user or historical change; inspect diff and commit by bounded owner slice."
"2026-08-10T13:00:02+10:00"," M","True","src","src/app/services/supplier_domain_guard.py","preserve_review_required","Tracked user or historical change; inspect diff and commit by bounded owner slice."
"2026-08-10T13:00:02+10:00"," M","True","src","src/app/services/syslog_listener.py","preserve_review_required","Tracked user or historical change; inspect diff and commit by bounded owner slice."
"2026-08-10T13:00:02+10:00"," M","True","src","src/app/tools/runner.py","preserve_review_required","Tracked user or historical change; inspect diff and commit by bounded owner slice."
"2026-08-10T13:00:02+10:00"," M","True","start_demo.ps1","start_demo.ps1","preserve_review_required","Tracked user or historical change; inspect diff and commit by bounded owner slice."
"2026-08-10T13:00:02+10:00"," M","True","tests","tests/adapters/test_official_requirements_httpx.py","preserve_review_required","Tracked user or historical change; inspect diff and commit by bounded owner slice."
"2026-08-10T13:00:02+10:00"," M","True","tests","tests/golden/relevance_labels.json","preserve_review_required","Tracked user or historical change; inspect diff and commit by bounded owner slice."
"2026-08-10T13:00:02+10:00"," M","True","tests","tests/integration/test_chat_multimodal_trace_events.py","preserve_review_required","Tracked user or historical change; inspect diff and commit by bounded owner slice."
"2026-08-10T13:00:02+10:00"," M","True","tests","tests/integration/test_fulfillment_api.py","preserve_review_required","Tracked user or historical change; inspect diff and commit by bounded owner slice."
"2026-08-10T13:00:02+10:00"," M","True","tests","tests/pw/test_storefront_chat_with_admin_flow.py","preserve_review_required","Tracked user or historical change; inspect diff and commit by bounded owner slice."
"2026-08-10T13:00:02+10:00"," M","True","tests","tests/security/test_maestro_all_agents.py","preserve_review_required","Tracked user or historical change; inspect diff and commit by bounded owner slice."
"2026-08-10T13:00:02+10:00"," M","True","tests","tests/services/test_cart_resolver.py","preserve_review_required","Tracked user or historical change; inspect diff and commit by bounded owner slice."
"2026-08-10T13:00:02+10:00"," M","True","tests","tests/services/test_demand_allocation.py","preserve_review_required","Tracked user or historical change; inspect diff and commit by bounded owner slice."
"2026-08-10T13:00:02+10:00"," M","True","tests","tests/services/test_evidence_orchestrator.py","preserve_review_required","Tracked user or historical change; inspect diff and commit by bounded owner slice."
"2026-08-10T13:00:02+10:00"," M","True","tests","tests/services/test_external_evidence_claims.py","preserve_review_required","Tracked user or historical change; inspect diff and commit by bounded owner slice."
"2026-08-10T13:00:02+10:00"," M","True","tests","tests/services/test_procurement_payment_consequences.py","preserve_review_required","Tracked user or historical change; inspect diff and commit by bounded owner slice."
"2026-08-10T13:00:02+10:00"," M","True","tests","tests/services/test_product_capability_evidence.py","preserve_review_required","Tracked user or historical change; inspect diff and commit by bounded owner slice."
"2026-08-10T13:00:02+10:00"," M","True","tests","tests/services/test_query_decomposer.py","preserve_review_required","Tracked user or historical change; inspect diff and commit by bounded owner slice."
"2026-08-10T13:00:02+10:00"," M","True","tests","tests/services/test_recommendation_core_brain.py","preserve_review_required","Tracked user or historical change; inspect diff and commit by bounded owner slice."
"2026-08-10T13:00:02+10:00"," M","True","tests","tests/services/test_recommendation_core_envelope.py","preserve_review_required","Tracked user or historical change; inspect diff and commit by bounded owner slice."
"2026-08-10T13:00:02+10:00"," M","True","tests","tests/services/test_recommendation_core_gates.py","preserve_review_required","Tracked user or historical change; inspect diff and commit by bounded owner slice."
"2026-08-10T13:00:02+10:00"," M","True","tests","tests/services/test_recommendation_core_stages.py","preserve_review_required","Tracked user or historical change; inspect diff and commit by bounded owner slice."
"2026-08-10T13:00:02+10:00"," M","True","tests","tests/services/test_recommendation_facade_cart.py","preserve_review_required","Tracked user or historical change; inspect diff and commit by bounded owner slice."
"2026-08-10T13:00:02+10:00"," M","True","tests","tests/services/test_recommendation_postflight.py","preserve_review_required","Tracked user or historical change; inspect diff and commit by bounded owner slice."
"2026-08-10T13:00:02+10:00"," M","True","tests","tests/services/test_recommendation_response_finalizer.py","preserve_review_required","Tracked user or historical change; inspect diff and commit by bounded owner slice."
"2026-08-10T13:00:02+10:00"," M","True","tests","tests/services/test_relevance_label_seal.py","preserve_review_required","Tracked user or historical change; inspect diff and commit by bounded owner slice."
"2026-08-10T13:00:02+10:00"," M","True","tests","tests/services/test_requirement_compiler.py","preserve_review_required","Tracked user or historical change; inspect diff and commit by bounded owner slice."
"2026-08-10T13:00:02+10:00"," M","True","tests","tests/services/test_research_provider_registry.py","preserve_review_required","Tracked user or historical change; inspect diff and commit by bounded owner slice."
"2026-08-10T13:00:02+10:00"," M","True","tests","tests/services/test_router_prewarm.py","preserve_review_required","Tracked user or historical change; inspect diff and commit by bounded owner slice."
"2026-08-10T13:00:02+10:00"," M","True","tests","tests/services/test_router_refine.py","preserve_review_required","Tracked user or historical change; inspect diff and commit by bounded owner slice."
"2026-08-10T13:00:02+10:00"," M","True","tests","tests/services/test_shadow_actions.py","preserve_review_required","Tracked user or historical change; inspect diff and commit by bounded owner slice."
"2026-08-10T13:00:02+10:00"," M","True","tests","tests/services/test_turn_router_clarification.py","preserve_review_required","Tracked user or historical change; inspect diff and commit by bounded owner slice."
"2026-08-10T13:00:02+10:00"," M","True","tests","tests/test_cart_mutation_service.py","preserve_review_required","Tracked user or historical change; inspect diff and commit by bounded owner slice."
"2026-08-10T13:00:02+10:00"," M","True","tests","tests/test_cart_mutations_endpoint.py","preserve_review_required","Tracked user or historical change; inspect diff and commit by bounded owner slice."
"2026-08-10T13:00:02+10:00"," M","True","tests","tests/test_cart_stock_gates.py","preserve_review_required","Tracked user or historical change; inspect diff and commit by bounded owner slice."
"2026-08-10T13:00:02+10:00"," M","True","tests","tests/test_security_llm_top10.py","preserve_review_required","Tracked user or historical change; inspect diff and commit by bounded owner slice."
"2026-08-10T13:00:02+10:00"," M","True","tests","tests/test_security_pci_detection.py","preserve_review_required","Tracked user or historical change; inspect diff and commit by bounded owner slice."
"2026-08-10T13:00:02+10:00"," M","True","tests","tests/unit/test_geoip_contract.py","preserve_review_required","Tracked user or historical change; inspect diff and commit by bounded owner slice."
"2026-08-10T13:00:02+10:00","??","False",".dockerignore",".dockerignore","implementation_review","Potential source/test/config dependency; validate and commit only with its focused slice."
"2026-08-10T13:00:02+10:00","??","False",".github",".github/workflows/publish-cloud-images.yml","implementation_review","Potential source/test/config dependency; validate and commit only with its focused slice."
"2026-08-10T13:00:02+10:00","??","False","admin-3001-market-intel-audit.png","admin-3001-market-intel-audit.png","evidence_archive_candidate","Potential demo or test evidence; curate into a named evidence bundle before cleanup."
"2026-08-10T13:00:02+10:00","??","False","digital-twin-five-turn-research-trace-2026-08-06.png","digital-twin-five-turn-research-trace-2026-08-06.png","evidence_archive_candidate","Potential demo or test evidence; curate into a named evidence bundle before cleanup."
"2026-08-10T13:00:02+10:00","??","False","docs","docs/2026-08-08 laptop-products-aug.txt","preserve_archive_review","Untracked documentation; review for canonical, archive, or superseded status."
"2026-08-10T13:00:02+10:00","??","False","docs","docs/SHOPSQUIRE_AMBIGUOUS_PROCUREMENT_EXECUTION_STATUS_2026-08-08.md","preserve_archive_review","Untracked documentation; review for canonical, archive, or superseded status."
"2026-08-10T13:00:02+10:00","??","False","docs","docs/SHOPSQUIRE_CACHERAG_AND_TEMPORAL_ASSESSMENT_2026-08-02.md","preserve_archive_review","Untracked documentation; review for canonical, archive, or superseded status."
"2026-08-10T13:00:02+10:00","??","False","docs","docs/SHOPSQUIRE_CART_EXPLAIN_UX_ASSESSMENT_2026-08-08.md","preserve_archive_review","Untracked documentation; review for canonical, archive, or superseded status."
"2026-08-10T13:00:02+10:00","??","False","docs","docs/SHOPSQUIRE_CART_EXPLAIN_UX_RESOLUTION_2026-08-08.md","preserve_archive_review","Untracked documentation; review for canonical, archive, or superseded status."
"2026-08-10T13:00:02+10:00","??","False","docs","docs/SHOPSQUIRE_CRM_LANDSCAPE_AND_ADJACENCY_2026-07-28.md","preserve_archive_review","Untracked documentation; review for canonical, archive, or superseded status."
"2026-08-10T13:00:02+10:00","??","False","docs","docs/SHOPSQUIRE_DAVID_FEEDBACK_RESPONSE_AND_VIDEO_PLAN_2026-07-30.md","preserve_archive_review","Untracked documentation; review for canonical, archive, or superseded status."
"2026-08-10T13:00:02+10:00","??","False","docs","docs/SHOPSQUIRE_DELTA_AND_CANONICAL_SEMANTICS_2026-07-28.md","preserve_archive_review","Untracked documentation; review for canonical, archive, or superseded status."
"2026-08-10T13:00:02+10:00","??","False","docs","docs/SHOPSQUIRE_DELTA_COMPETITIVE_AND_SHOWCASE_2026-08-02.md","preserve_archive_review","Untracked documentation; review for canonical, archive, or superseded status."
"2026-08-10T13:00:02+10:00","??","False","docs","docs/SHOPSQUIRE_DELTA_RETEST_2026-08-08.md","preserve_archive_review","Untracked documentation; review for canonical, archive, or superseded status."
"2026-08-10T13:00:02+10:00","??","False","docs","docs/SHOPSQUIRE_DEMO_BUILD_HANDOFF_2026-07-24.md","preserve_archive_review","Untracked documentation; review for canonical, archive, or superseded status."
"2026-08-10T13:00:02+10:00","??","False","docs","docs/SHOPSQUIRE_DEMO_TRIGGERS_AND_SOURCING_THESIS_2026-08-02.md","preserve_archive_review","Untracked documentation; review for canonical, archive, or superseded status."
"2026-08-10T13:00:02+10:00","??","False","docs","docs/SHOPSQUIRE_DISCOVERY_OPTIONS_DECISION_2026-08-09.md","preserve_archive_review","Untracked documentation; review for canonical, archive, or superseded status."
"2026-08-10T13:00:02+10:00","??","False","docs","docs/SHOPSQUIRE_EVIDENCE_COVERAGE_ROADMAP_2026-08-08.md","preserve_archive_review","Untracked documentation; review for canonical, archive, or superseded status."
"2026-08-10T13:00:02+10:00","??","False","docs","docs/SHOPSQUIRE_EXEC_METRICS_GAP_2026-07-24.md","preserve_archive_review","Untracked documentation; review for canonical, archive, or superseded status."
"2026-08-10T13:00:02+10:00","??","False","docs","docs/SHOPSQUIRE_EXTERNAL_SEARCH_DIAGNOSIS_2026-08-09.md","preserve_archive_review","Untracked documentation; review for canonical, archive, or superseded status."
"2026-08-10T13:00:02+10:00","??","False","docs","docs/SHOPSQUIRE_FULL_CAPABILITY_DEEPDIVE_2026-08-02.md","preserve_archive_review","Untracked documentation; review for canonical, archive, or superseded status."
"2026-08-10T13:00:02+10:00","??","False","docs","docs/SHOPSQUIRE_GOVERNED_DEGRADATION_ARCHITECTURE_2026-08-09.md","preserve_archive_review","Untracked documentation; review for canonical, archive, or superseded status."
"2026-08-10T13:00:02+10:00","??","False","docs","docs/SHOPSQUIRE_HYBRID_EDGE_DEPLOYMENT_2026-07-29.md","preserve_archive_review","Untracked documentation; review for canonical, archive, or superseded status."
"2026-08-10T13:00:02+10:00","??","False","docs","docs/SHOPSQUIRE_NARRATIVE_AND_STAKEHOLDER_DECK_2026-08-01.md","preserve_archive_review","Untracked documentation; review for canonical, archive, or superseded status."
"2026-08-10T13:00:02+10:00","??","False","docs","docs/SHOPSQUIRE_RESEARCH_ADJUDICATION_AND_NARRATION_ROADMAP_2026-08-08.md","preserve_archive_review","Untracked documentation; review for canonical, archive, or superseded status."
"2026-08-10T13:00:02+10:00","??","False","docs","docs/SHOPSQUIRE_RESEARCH_ARCHITECTURE_ROADMAP_2026-08-07.md","preserve_archive_review","Untracked documentation; review for canonical, archive, or superseded status."
"2026-08-10T13:00:02+10:00","??","False","docs","docs/SHOPSQUIRE_RESEARCH_TRIGGER_FINDINGS_2026-08-07.md","preserve_archive_review","Untracked documentation; review for canonical, archive, or superseded status."
"2026-08-10T13:00:02+10:00","??","False","docs","docs/SHOPSQUIRE_ROUTING_ARCHITECTURE_DIAGRAM_2026-08-02.md","preserve_archive_review","Untracked documentation; review for canonical, archive, or superseded status."
"2026-08-10T13:00:02+10:00","??","False","docs","docs/SHOPSQUIRE_SEARCH_RELIABILITY_VERDICT_2026-08-09.md","preserve_archive_review","Untracked documentation; review for canonical, archive, or superseded status."
"2026-08-10T13:00:02+10:00","??","False","docs","docs/SHOPSQUIRE_SECOND_VERTICAL_CONNECTOR_ROADMAP_2026-07-26.md","preserve_archive_review","Untracked documentation; review for canonical, archive, or superseded status."
"2026-08-10T13:00:02+10:00","??","False","docs","docs/SHOPSQUIRE_SECURITY_CORPUS_AND_TRACE_UX_2026-08-01.md","preserve_archive_review","Untracked documentation; review for canonical, archive, or superseded status."
"2026-08-10T13:00:02+10:00","??","False","docs","docs/SHOPSQUIRE_SELFHOSTED_PIVOT_AND_POSITIONING_2026-07-28.md","preserve_archive_review","Untracked documentation; review for canonical, archive, or superseded status."
"2026-08-10T13:00:02+10:00","??","False","docs","docs/SHOPSQUIRE_STATE_OF_THE_PLATFORM_2026-07-29.md","preserve_archive_review","Untracked documentation; review for canonical, archive, or superseded status."
"2026-08-10T13:00:02+10:00","??","False","docs","docs/SHOPSQUIRE_SWOT_PESTEL_AND_DEFENSIBILITY_2026-07-29.md","preserve_archive_review","Untracked documentation; review for canonical, archive, or superseded status."
"2026-08-10T13:00:02+10:00","??","False","docs","docs/SHOPSQUIRE_V2_ROUTING_CHAT_UX_LATENCY_2026-07-22.md","preserve_archive_review","Untracked documentation; review for canonical, archive, or superseded status."
"2026-08-10T13:00:02+10:00","??","False","docs","docs/SHOPSQUIRE_WORKLOAD_FIT_EXECUTION_STATUS_2026-08-08.md","preserve_archive_review","Untracked documentation; review for canonical, archive, or superseded status."
"2026-08-10T13:00:02+10:00","??","False","docs","docs/SHOPSQUIRE_WORKLOAD_FIT_NARRATION_ROADMAP_2026-08-08.md","preserve_archive_review","Untracked documentation; review for canonical, archive, or superseded status."
"2026-08-10T13:00:02+10:00","??","False","docs","docs/SHOPSQUIRE_WORKLOAD_GROUNDING_OVERFIT_2026-07-26.md","preserve_archive_review","Untracked documentation; review for canonical, archive, or superseded status."
"2026-08-10T13:00:02+10:00","??","False","frontend","frontend/e2e/artifact-security-boundary.spec.ts","implementation_review","Potential source/test/config dependency; validate and commit only with its focused slice."
"2026-08-10T13:00:02+10:00","??","False","frontend","frontend/e2e/decision-trace-live-audit.spec.ts","implementation_review","Potential source/test/config dependency; validate and commit only with its focused slice."
"2026-08-10T13:00:02+10:00","??","False","frontend","frontend/src/components/ProductWhyEvidence.module.css","implementation_review","Potential source/test/config dependency; validate and commit only with its focused slice."
"2026-08-10T13:00:02+10:00","??","False","research-fit-breakdown-20260806.png","research-fit-breakdown-20260806.png","evidence_archive_candidate","Potential demo or test evidence; curate into a named evidence bundle before cleanup."
"2026-08-10T13:00:02+10:00","??","False","scratchpad","scratchpad/","generated_cleanup_candidate","Likely runtime/generated data; verify ownership and process state before removal."
"2026-08-10T13:00:02+10:00","??","False","scripts","scripts/certify_live_image_provider.py","implementation_review","Potential source/test/config dependency; validate and commit only with its focused slice."
"2026-08-10T13:00:02+10:00","??","False","scripts","scripts/certify_physical_voice.py","implementation_review","Potential source/test/config dependency; validate and commit only with its focused slice."
"2026-08-10T13:00:02+10:00","??","False","scripts","scripts/certify_pilot_rollback.py","implementation_review","Potential source/test/config dependency; validate and commit only with its focused slice."
"2026-08-10T13:00:02+10:00","??","False","scripts","scripts/gen_security_upload_corpus.py","implementation_review","Potential source/test/config dependency; validate and commit only with its focused slice."
"2026-08-10T13:00:02+10:00","??","False","scripts","scripts/reproduce_vision_native_teardown.py","implementation_review","Potential source/test/config dependency; validate and commit only with its focused slice."
"2026-08-10T13:00:02+10:00","??","False","scripts","scripts/seed_reviewed_product_evidence.py","implementation_review","Potential source/test/config dependency; validate and commit only with its focused slice."
"2026-08-10T13:00:02+10:00","??","False","scripts","scripts/start_recording_stack.ps1","implementation_review","Potential source/test/config dependency; validate and commit only with its focused slice."
"2026-08-10T13:00:02+10:00","??","False","src","src/app/models/read_db.py","implementation_review","Potential source/test/config dependency; validate and commit only with its focused slice."
"2026-08-10T13:00:02+10:00","??","False","src","src/app/observability/evidence_metrics.py","implementation_review","Potential source/test/config dependency; validate and commit only with its focused slice."
"2026-08-10T13:00:02+10:00","??","False","src","src/app/services/cart_session_state.py","implementation_review","Potential source/test/config dependency; validate and commit only with its focused slice."
"2026-08-10T13:00:02+10:00","??","False","src","src/app/services/procurement_commitment_projection.py","implementation_review","Potential source/test/config dependency; validate and commit only with its focused slice."
"2026-08-10T13:00:02+10:00","??","False","src","src/app/services/recommendation_core/research_trigger_decision.py","implementation_review","Potential source/test/config dependency; validate and commit only with its focused slice."
"2026-08-10T13:00:02+10:00","??","False","src","src/app/services/recommendation_core/workload_hypothesis_compiler.py","implementation_review","Potential source/test/config dependency; validate and commit only with its focused slice."
"2026-08-10T13:00:02+10:00","??","False","src","src/app/services/security_connector_identity.py","implementation_review","Potential source/test/config dependency; validate and commit only with its focused slice."
"2026-08-10T13:00:02+10:00","??","False","tests","tests/architecture/test_security_threshold_schema_authority.py","implementation_review","Potential source/test/config dependency; validate and commit only with its focused slice."
"2026-08-10T13:00:02+10:00","??","False","tests","tests/security/test_generated_security_corpus.py","implementation_review","Potential source/test/config dependency; validate and commit only with its focused slice."
"2026-08-10T13:00:02+10:00","??","False","tests","tests/security/test_supplier_baseline_identity.py","implementation_review","Potential source/test/config dependency; validate and commit only with its focused slice."
"2026-08-10T13:00:02+10:00","??","False","tests","tests/security/test_syslog_secure_defaults.py","implementation_review","Potential source/test/config dependency; validate and commit only with its focused slice."
"2026-08-10T13:00:02+10:00","??","False","tests","tests/security/test_tool_bridge_identity_contract.py","implementation_review","Potential source/test/config dependency; validate and commit only with its focused slice."
"2026-08-10T13:00:02+10:00","??","False","tests","tests/services/test_audit_chain_azure_anchor.py","implementation_review","Potential source/test/config dependency; validate and commit only with its focused slice."
"2026-08-10T13:00:02+10:00","??","False","tests","tests/services/test_cart_session_state.py","implementation_review","Potential source/test/config dependency; validate and commit only with its focused slice."
"2026-08-10T13:00:02+10:00","??","False","tests","tests/services/test_cv_ocr_provider_selection.py","implementation_review","Potential source/test/config dependency; validate and commit only with its focused slice."
"2026-08-10T13:00:02+10:00","??","False","tests","tests/services/test_cv_vision_ollama_deadline.py","implementation_review","Potential source/test/config dependency; validate and commit only with its focused slice."
"2026-08-10T13:00:02+10:00","??","False","tests","tests/services/test_research_trigger_decision.py","implementation_review","Potential source/test/config dependency; validate and commit only with its focused slice."
"2026-08-10T13:00:02+10:00","??","False","tests","tests/services/test_workload_hypothesis_compiler.py","implementation_review","Potential source/test/config dependency; validate and commit only with its focused slice."
"2026-08-10T13:00:02+10:00","??","False","tests","tests/unit/test_cloud_runtime_config.py","implementation_review","Potential source/test/config dependency; validate and commit only with its focused slice."
"2026-08-10T13:00:02+10:00","??","False","tests","tests/unit/test_read_db_boundary.py","implementation_review","Potential source/test/config dependency; validate and commit only with its focused slice."
